epoch,train_loss,val_loss
0,50319.23046875,2576.875
1,42864.58984375,
2,42962.296875,
3,42682.45703125,
4,42338.29296875,
5,39860.62890625,
6,40922.359375,
7,39500.7109375,
8,38417.09765625,
9,38783.06640625,
10,36376.20703125,
11,35208.6328125,
12,32518.359375,
13,33570.84375,
14,31250.0078125,
15,29478.16796875,
16,27472.19921875,
17,26585.984375,
18,24243.0546875,
19,22394.009765625,
20,21247.462890625,469.5
21,20274.8984375,
22,18428.08984375,
23,16650.28515625,
24,15640.2607421875,
25,14255.271484375,
26,13240.58203125,
27,12302.220703125,
28,10976.578125,
29,9886.462890625,
30,8887.2578125,
31,8035.11572265625,
32,7203.17138671875,
33,6598.2177734375,
34,6275.7060546875,
35,5827.5029296875,
36,5723.08203125,
37,5438.42529296875,
38,5299.32421875,
39,5106.6083984375,
40,5015.8984375,512.0
41,4875.443359375,
42,4707.32958984375,
43,4536.41015625,
44,4248.81884765625,
45,4026.21337890625,
46,3760.427490234375,
47,3293.76513671875,
48,2638.22607421875,
49,2071.1943359375,
50,1489.3792724609375,
51,1029.3529052734375,
52,685.8294677734375,
53,495.595703125,
54,406.00921630859375,
55,464.2575378417969,
56,289.85406494140625,
57,352.2110595703125,
58,284.8509826660156,
59,274.7608337402344,
60,312.1838684082031,156.0
61,302.0926818847656,
62,291.41339111328125,
63,238.013671875,
64,342.0641784667969,
65,310.47613525390625,
66,171.31996154785156,
67,259.50433349609375,
68,366.253173828125,
69,173.1290283203125,
70,213.54251098632812,
71,187.50582885742188,
72,280.18731689453125,
73,265.31634521484375,
74,171.95362854003906,
75,145.35374450683594,
76,173.6985626220703,
77,232.90951538085938,
78,224.89976501464844,
79,180.21517944335938,
80,250.6343231201172,164.0
81,158.2498016357422,
82,212.33563232421875,
83,205.94276428222656,
84,186.03756713867188,
85,188.7406463623047,
86,203.55747985839844,
87,228.67431640625,
88,195.68255615234375,
89,190.74588012695312,
90,210.45352172851562,
91,125.43815612792969,
92,212.75332641601562,
93,274.876220703125,
94,201.8590545654297,
95,182.25672912597656,
96,138.2159423828125,
97,156.90216064453125,
98,267.8095703125,
99,117.99327850341797,
100,195.7964630126953,112.0
101,194.67938232421875,
102,140.57508850097656,
103,132.5313720703125,
104,92.9586181640625,
105,250.45620727539062,
106,192.6845703125,
107,155.97650146484375,
108,180.10328674316406,
109,179.8515625,
110,149.9427947998047,
111,136.34671020507812,
112,241.5804443359375,
113,166.94554138183594,
114,259.84844970703125,
115,208.2864990234375,
116,256.7908630371094,
117,132.96485900878906,
118,256.700439453125,
119,115.1541519165039,
120,186.06317138671875,120.0
121,139.5791473388672,
122,180.01959228515625,
123,115.91825103759766,
124,122.7992172241211,
125,209.73587036132812,
126,157.40785217285156,
127,200.64276123046875,
128,189.3498992919922,
129,175.9669647216797,
130,124.97847747802734,
131,141.8627471923828,
132,168.4998321533203,
133,182.9921875,
134,99.50847625732422,
135,173.35043334960938,
136,153.1771240234375,
137,174.38172912597656,
138,137.22569274902344,
139,188.72085571289062,
140,113.51716613769531,52.0
141,211.5358428955078,
142,174.58888244628906,
143,145.01473999023438,
144,131.3926544189453,
145,135.89088439941406,
146,167.53953552246094,
147,125.61286163330078,
148,183.6245880126953,
149,118.93429565429688,
150,134.2379608154297,
151,164.38858032226562,
152,143.25094604492188,
153,132.5355682373047,
154,235.79747009277344,
155,182.11431884765625,
156,194.39242553710938,
157,149.4264373779297,
158,232.75421142578125,
159,147.66726684570312,
160,237.19546508789062,180.0
161,168.94847106933594,
162,126.83561706542969,
163,178.85934448242188,
164,201.45291137695312,
165,104.89093780517578,
166,189.34141540527344,
167,149.42352294921875,
168,121.21859741210938,
169,148.20672607421875,
170,177.1832733154297,
171,108.1916275024414,
172,116.49980163574219,
173,160.24539184570312,
174,184.73260498046875,
175,144.94961547851562,
176,124.39787292480469,
177,230.77435302734375,
178,133.34112548828125,
179,129.78627014160156,
180,218.66937255859375,164.0
181,118.52924346923828,
182,191.17637634277344,
183,165.502685546875,
184,146.76930236816406,
185,178.3385772705078,
186,127.78358459472656,
187,159.1882781982422,
188,94.47761535644531,
189,229.87698364257812,
190,98.55010986328125,
191,228.13937377929688,
192,189.1114044189453,
193,167.6954803466797,
194,175.8189239501953,
195,172.3716278076172,
196,134.23947143554688,
197,122.3943099975586,
198,182.42063903808594,
199,150.69273376464844,
200,112.23440551757812,64.0
201,106.24725341796875,
202,207.67625427246094,
203,116.69920349121094,
204,168.3671875,
205,233.0673828125,
206,119.18916320800781,
207,176.82272338867188,
208,69.61077880859375,
209,125.10796356201172,
210,79.53060913085938,
211,201.67855834960938,
212,107.78739166259766,
213,124.72110748291016,
214,162.5081787109375,
215,198.75741577148438,
216,76.65435791015625,
217,149.722412109375,
218,189.83023071289062,
219,106.65754699707031,
220,136.61373901367188,94.0
221,143.24459838867188,
222,132.5028533935547,
223,196.04739379882812,
224,275.6249084472656,
225,135.328125,
226,96.89592742919922,
227,189.92459106445312,
228,98.02249145507812,
229,245.396728515625,
230,210.81556701660156,
231,98.6760482788086,
232,156.60708618164062,
233,117.97085571289062,
234,88.92285919189453,
235,124.47843170166016,
236,127.1824951171875,
237,195.5009307861328,
238,114.19635772705078,
239,141.70843505859375,
240,96.0069808959961,60.0
241,170.48458862304688,
242,197.1239776611328,
243,111.89013671875,
244,215.8404998779297,
245,197.494140625,
246,145.7579345703125,
247,103.93488311767578,
248,146.6169891357422,
249,179.6623992919922,
250,142.4095458984375,
251,134.70497131347656,
252,97.05052947998047,
253,144.77273559570312,
254,171.55245971679688,
255,107.26872253417969,
256,133.37860107421875,
257,143.1812286376953,
258,138.8201904296875,
259,120.96617126464844,
260,168.35206604003906,132.0
261,105.6591567993164,
262,173.1298828125,
263,146.3884735107422,
264,131.30393981933594,
265,137.27301025390625,
266,82.69135284423828,
267,115.5062026977539,
268,125.33184051513672,
269,164.7734832763672,
270,119.83911895751953,
271,159.72059631347656,
272,133.70799255371094,
273,141.1821746826172,
274,126.96923828125,
275,174.306640625,
276,141.8425750732422,
277,147.55787658691406,
278,96.31190490722656,
279,169.6831512451172,
280,121.98918151855469,90.0
281,168.21304321289062,
282,117.1993408203125,
283,97.34184265136719,
284,132.01243591308594,
285,136.63162231445312,
286,128.45779418945312,
287,102.89842224121094,
288,133.32229614257812,
289,143.5935821533203,
290,158.9705810546875,
291,90.57402038574219,
292,99.02979278564453,
293,116.22135162353516,
294,170.0342559814453,
295,198.5310821533203,
296,185.79339599609375,
297,114.87681579589844,
298,159.90684509277344,
299,94.12633514404297,
300,100.84243774414062,70.0
301,142.02967834472656,
302,149.02944946289062,
303,154.18399047851562,
304,126.48358154296875,
305,146.5307159423828,
306,169.29794311523438,
307,126.10975646972656,
308,98.20464324951172,
309,148.18299865722656,
310,220.23291015625,
311,106.26934051513672,
312,91.12014770507812,
313,78.95747375488281,
314,102.19319915771484,
315,184.28878784179688,
316,69.36983489990234,
317,135.54031372070312,
318,101.95431518554688,
319,102.50018310546875,
320,82.94446563720703,50.0
321,183.1822509765625,
322,133.72573852539062,
323,121.20487213134766,
324,154.25498962402344,
325,152.30357360839844,
326,90.79779815673828,
327,216.25933837890625,
328,117.08509063720703,
329,142.5740509033203,
330,220.73147583007812,
331,76.81011962890625,
332,154.04129028320312,
333,165.8304901123047,
334,141.6024169921875,
335,137.2361602783203,
336,152.78883361816406,
337,121.31755065917969,
338,235.7128143310547,
339,154.3206329345703,
340,187.46661376953125,158.0
341,144.27532958984375,
342,124.37174224853516,
343,74.3975601196289,
344,173.74050903320312,
345,86.63849639892578,
346,80.50904846191406,
347,106.2022705078125,
348,110.27056884765625,
349,155.04750061035156,
350,88.27094268798828,
351,195.2002410888672,
352,160.66162109375,
353,137.971435546875,
354,137.4115753173828,
355,49.66130065917969,
356,123.01347351074219,
357,146.85079956054688,
358,120.52601623535156,
359,131.42160034179688,
360,87.54203796386719,56.0
361,186.9347686767578,
362,68.80313873291016,
363,136.7946014404297,
364,143.92410278320312,
365,137.49913024902344,
366,128.36346435546875,
367,293.5051574707031,
368,144.55577087402344,
369,119.66179656982422,
370,76.41117095947266,
371,88.59313201904297,
372,105.89628601074219,
373,117.08543395996094,
374,114.89204406738281,
375,188.00360107421875,
376,134.7962646484375,
377,104.0316390991211,
378,174.31387329101562,
379,138.67445373535156,
380,143.5679168701172,116.0
381,242.15060424804688,
382,145.35914611816406,
383,86.09967041015625,
384,145.36245727539062,
385,152.06175231933594,
386,76.1163558959961,
387,185.08335876464844,
388,88.78165435791016,
389,153.5372314453125,
390,57.508365631103516,
391,158.4766082763672,
392,144.78456115722656,
393,181.18136596679688,
394,129.17469787597656,
395,164.81004333496094,
396,122.92762756347656,
397,198.32423400878906,
398,195.85528564453125,
399,198.53550720214844,
400,129.2176971435547,102.0
401,125.0796127319336,
402,82.1231689453125,
403,66.40159606933594,
404,183.384033203125,
405,178.9082794189453,
406,156.8555145263672,
407,163.71453857421875,
408,204.6966552734375,
409,100.2060317993164,
410,121.45147705078125,
411,136.23065185546875,
412,141.22830200195312,
413,126.67568969726562,
414,152.8935546875,
415,104.43778991699219,
416,156.4744110107422,
417,124.1952896118164,
418,171.01754760742188,
419,193.49440002441406,
420,133.09768676757812,104.0
421,198.71514892578125,
422,176.30921936035156,
423,148.41651916503906,
424,131.8640899658203,
425,134.6280975341797,
426,126.43327331542969,
427,204.33058166503906,
428,161.70269775390625,
429,90.3782730102539,
430,156.37269592285156,
431,153.74871826171875,
432,105.80624389648438,
433,127.27948760986328,
434,94.84508514404297,
435,145.6964874267578,
436,194.57032775878906,
437,151.8224639892578,
438,158.02366638183594,
439,139.00526428222656,
440,178.92738342285156,152.0
441,60.00163269042969,
442,177.709228515625,
443,190.05345153808594,
444,68.23054504394531,
445,112.28776550292969,
446,148.7594451904297,
447,178.29811096191406,
448,154.9932098388672,
449,147.6375732421875,
450,101.63230895996094,
451,248.87779235839844,
452,152.6766357421875,
453,98.69363403320312,
454,95.17388916015625,
455,127.65506744384766,
456,136.85946655273438,
457,105.76368713378906,
458,178.48805236816406,
459,92.473388671875,
460,150.26109313964844,122.0
461,106.02852630615234,
462,132.29476928710938,
463,96.09542083740234,
464,134.5282440185547,
465,169.59666442871094,
466,98.14253234863281,
467,90.61286163330078,
468,62.358402252197266,
469,89.33470153808594,
470,145.0076904296875,
471,176.8245849609375,
472,143.0022735595703,
473,75.78515625,
474,170.06065368652344,
475,97.03490447998047,
476,196.1297149658203,
477,127.97750091552734,
478,123.29224395751953,
479,109.32889556884766,
480,241.16798400878906,214.0
481,126.86283111572266,
482,198.4856719970703,
483,117.96089172363281,
484,115.57775115966797,
485,100.88703918457031,
486,92.01286315917969,
487,97.07084655761719,
488,135.710205078125,
489,107.5347900390625,
490,96.95295715332031,
491,146.8758544921875,
492,129.73280334472656,
493,127.2319564819336,
494,103.53119659423828,
495,222.35577392578125,
496,166.065673828125,
497,86.86386108398438,
498,111.62692260742188,
499,183.71421813964844,156.0
